OrderDate,Ship Date,Due Date, CustomerIndex,ChanelIndex,DeliveryIndex,ProductIndex,Order Quantity,Unit Price,Line Total,Total Unit Cost
01-01-2017,01-02-2017,09-02-2017,2777,3,766,206,11,"3,993.20","43,925.20","2,954.97"
01-01-2017,05-01-2017,12-01-2017,3460,1,955,151,6,984.9,"5,909.40",512.15
01-01-2017,10-01-2017,09-01-2017,624,1,172,41,6,"1,139.00","6,834.00",501.16
01-01-2017,27-01-2017,08-02-2017,969,1,268,242,5,"4,020.00","20,100.00","2,170.80"
01-01-2017,14-01-2017,15-01-2017,1736,1,582,372,9,"6,016.60","54,149.40","3,429.46"
01-01-2017,05-01-2017,10-01-2017,288,1,4,311,5,"6,425.30","32,126.50","3,662.42"
01-01-2017,04-01-2017,11-01-2017,1292,2,226,159,6,"6,056.80","36,340.80","4,118.62"
01-01-2017,13-01-2017,10-01-2017,971,1,424,322,5,978.2,"4,891.00",743.43
01-01-2017,06-01-2017,23-01-2017,205,1,104,94,5,187.6,938,75.04
01-01-2017,02-01-2017,20-01-2017,705,2,478,78,10,"6,210.90","62,109.00","2,857.01"
01-01-2017,12-01-2017,20-01-2017,1208,1,3,12,9,"6,009.90","54,089.10","4,026.63"
01-01-2017,21-01-2017,08-02-2017,1901,1,299,148,8,"5,272.90","42,183.20","2,372.81"
01-01-2017,05-01-2017,03-01-2017,1829,3,42,177,6,"6,405.20","38,431.20","4,803.90"
01-01-2017,19-01-2017,26-01-2017,2255,1,252,40,11,"5,165.70","56,822.70","2,996.11"
01-01-2017,12-01-2017,17-01-2017,2267,1,63,52,12,"1,326.60","15,919.20","1,074.55"
01-01-2017,18-01-2017,19-01-2017,1581,1,558,162,9,"1,768.80","15,919.20","1,149.72"
01-01-2017,03-01-2017,01-01-2017,2174,1,752,294,12,"3,095.40","37,144.80","2,073.92"
01-01-2017,16-01-2017,11-01-2017,2848,2,184,360,6,"1,085.40","6,512.40",770.63
01-01-2017,28-01-2017,09-02-2017,2560,2,186,394,11,"5,748.60","63,234.60","3,736.59"
01-01-2017,04-01-2017,31-12-2016,2731,1,709,111,11,"2,847.50","31,322.50","1,822.40"
02-01-2017,22-01-2017,30-01-2017,3483,1,961,98,11,"1,098.80","12,086.80",736.2
02-01-2017,23-01-2017,18-01-2017,813,1,225,374,11,167.5,"1,842.50",112.23
02-01-2017,07-01-2017,27-01-2017,675,3,187,152,5,"1,192.60","5,963.00",477.04
02-01-2017,17-01-2017,14-01-2017,2609,1,720,125,7,783.9,"5,487.30",642.8
02-01-2017,04-01-2017,22-01-2017,876,1,242,405,12,"1,949.70","23,396.40","1,267.31"
02-01-2017,02-02-2017,30-01-2017,1249,1,631,212,6,"3,845.80","23,074.80","1,769.07"
02-01-2017,23-01-2017,07-02-2017,1479,1,666,176,10,"4,013.30","40,133.00","3,210.64"
02-01-2017,30-01-2017,13-02-2017,2135,2,48,192,10,261.3,"2,613.00",143.72
02-01-2017,23-01-2017,06-02-2017,3137,1,176,44,5,"3,718.50","18,592.50","2,751.69"
02-01-2017,19-01-2017,04-02-2017,2572,1,630,253,10,"1,025.10","10,251.00",850.83
02-01-2017,16-01-2017,04-02-2017,294,2,169,1,8,"6,445.40","51,563.20","4,705.14"
02-01-2017,12-01-2017,09-01-2017,1826,1,256,364,12,"1,065.30","12,783.60",628.53
02-01-2017,15-01-2017,20-01-2017,1241,2,709,324,5,"1,132.30","5,661.50",781.29
02-01-2017,21-01-2017,29-01-2017,2983,1,33,386,7,"2,345.00","16,415.00","1,782.20"
02-01-2017,01-02-2017,21-02-2017,1780,1,349,303,7,"5,587.80","39,114.60","3,017.41"
02-01-2017,22-01-2017,28-01-2017,2873,1,666,64,11,261.3,"2,874.30",125.42
02-01-2017,13-01-2017,19-01-2017,1041,2,776,17,10,"2,827.40","28,274.00","2,261.92"
02-01-2017,03-01-2017,16-01-2017,1761,1,146,49,8,"3,946.30","31,570.40","3,038.65"
02-01-2017,24-01-2017,08-02-2017,2026,1,711,260,8,"1,065.30","8,522.40",617.87
02-01-2017,28-01-2017,13-02-2017,2462,1,433,69,5,241.2,"1,206.00",159.19
02-01-2017,23-01-2017,31-01-2017,2154,1,937,123,10,227.8,"2,278.00",134.4
03-01-2017,10-01-2017,20-01-2017,2906,1,802,163,11,"2,345.00","25,795.00","1,618.05"
03-01-2017,12-01-2017,07-01-2017,3280,3,905,209,11,"1,098.80","12,086.80",813.11
03-01-2017,19-01-2017,28-01-2017,2142,1,591,29,7,"2,217.70","15,523.90",953.61
03-01-2017,16-01-2017,31-01-2017,2294,3,633,128,10,"3,825.70","38,257.00","2,295.42"
03-01-2017,03-02-2017,05-02-2017,726,3,201,74,7,247.9,"1,735.30",148.74
03-01-2017,05-01-2017,16-01-2017,2622,2,250,174,11,"1,715.20","18,867.20",737.54
03-01-2017,22-01-2017,27-01-2017,1402,1,931,65,9,"6,023.30","54,209.70","2,770.72"
03-01-2017,21-01-2017,03-02-2017,1430,2,812,97,7,"1,058.60","7,410.20",561.06
03-01-2017,21-01-2017,29-01-2017,2780,1,948,108,6,904.5,"5,427.00",741.69
03-01-2017,03-01-2017,12-01-2017,3564,3,33,297,5,"2,331.60","11,658.00","1,142.48"
03-01-2017,28-01-2017,14-02-2017,2917,3,449,379,8,"3,919.50","31,356.00","2,665.26"
03-01-2017,14-01-2017,29-01-2017,25,2,744,44,5,"1,775.50","8,877.50","1,225.10"
03-01-2017,20-01-2017,03-02-2017,1239,1,790,126,12,174.2,"2,090.40",97.55
03-01-2017,24-01-2017,02-02-2017,2962,1,264,278,8,"1,139.00","9,112.00",694.79
03-01-2017,22-01-2017,22-01-2017,2477,1,69,241,5,"1,902.80","9,514.00",761.12
03-01-2017,29-01-2017,24-01-2017,2049,2,559,150,10,"6,472.20","64,722.00","3,818.60"
03-01-2017,06-01-2017,18-01-2017,3126,3,164,337,7,"2,304.80","16,133.60","1,682.50"
03-01-2017,11-01-2017,19-01-2017,3389,1,771,217,6,"1,922.90","11,537.40","1,115.28"
03-01-2017,29-01-2017,31-01-2017,1403,2,270,229,6,"3,865.90","23,195.40","2,280.88"
04-01-2017,21-01-2017,24-01-2017,1026,1,283,308,6,"3,946.30","23,677.80","2,525.63"
04-01-2017,05-01-2017,04-01-2017,1782,1,492,4,5,"2,398.60","11,993.00","1,223.29"
04-01-2017,28-01-2017,30-01-2017,2721,3,786,171,7,"1,065.30","7,457.10",713.75
04-01-2017,21-01-2017,16-01-2017,2821,1,514,35,6,"1,118.90","6,713.40",559.45
04-01-2017,22-01-2017,21-01-2017,2957,1,501,186,6,"1,855.90","11,135.40",816.6
04-01-2017,31-01-2017,08-02-2017,1280,2,976,375,9,"3,852.50","34,672.50","2,504.13"
04-01-2017,25-01-2017,12-02-2017,2885,3,655,167,11,"3,879.30","42,672.30","3,025.85"
04-01-2017,25-01-2017,12-02-2017,514,2,308,220,6,938,"5,628.00",450.24
04-01-2017,10-01-2017,06-01-2017,922,3,661,332,11,"2,371.80","26,089.80","1,351.93"
04-01-2017,28-01-2017,17-02-2017,2638,1,724,386,5,676.7,"3,383.50",433.09
04-01-2017,29-01-2017,30-01-2017,1180,1,415,325,8,"1,159.10","9,272.80",776.6
04-01-2017,15-01-2017,18-01-2017,2090,3,399,150,6,"1,748.70","10,492.20",944.3
04-01-2017,27-01-2017,16-02-2017,494,3,36,111,6,"1,319.90","7,919.40",725.95
04-01-2017,21-01-2017,28-01-2017,3233,2,406,170,8,"1,045.20","8,361.60",846.61
04-01-2017,07-01-2017,17-01-2017,22,1,348,42,11,"3,939.60","43,335.60","2,718.32"
04-01-2017,24-01-2017,21-01-2017,432,1,291,368,8,"5,634.70","45,077.60","3,268.13"
04-01-2017,03-02-2017,09-02-2017,331,1,41,206,8,"2,398.60","19,188.80","1,798.95"
04-01-2017,22-01-2017,23-01-2017,1442,1,70,312,12,"3,939.60","47,275.20","1,575.84"
04-01-2017,18-01-2017,14-01-2017,3004,2,716,344,6,"1,876.00","11,256.00","1,594.60"
04-01-2017,06-01-2017,26-01-2017,859,2,515,21,5,"1,152.40","5,762.00",691.44
04-01-2017,14-01-2017,17-01-2017,2446,2,235,405,8,"3,979.80","31,838.40","2,905.25"
04-01-2017,22-01-2017,07-02-2017,549,1,66,339,11,"1,011.70","11,128.70",849.83
04-01-2017,03-02-2017,08-02-2017,2558,2,245,105,9,"3,564.40","32,079.60","1,817.84"
04-01-2017,06-01-2017,01-01-2017,441,2,650,197,5,"2,338.30","11,691.50","1,800.49"
04-01-2017,11-01-2017,12-01-2017,1782,3,504,55,6,"2,010.00","12,060.00",924.6
04-01-2017,18-01-2017,24-01-2017,1562,1,346,84,12,207.7,"2,492.40",141.24
04-01-2017,01-02-2017,21-02-2017,2576,2,682,45,7,"1,139.00","7,973.00",877.03
04-01-2017,21-01-2017,24-01-2017,2083,1,631,293,6,"1,882.70","11,296.20","1,581.47"
05-01-2017,24-01-2017,24-01-2017,3255,2,898,8,11,"1,112.20","12,234.20",656.2
05-01-2017,04-02-2017,18-02-2017,1340,2,370,229,12,"3,906.10","46,873.20","2,695.21"
05-01-2017,08-01-2017,07-01-2017,2233,2,617,305,9,"1,755.40","15,798.60",983.02
05-01-2017,31-01-2017,16-02-2017,2599,3,717,38,10,"3,953.00","39,530.00","3,043.81"
05-01-2017,22-01-2017,07-02-2017,1778,1,491,244,9,"3,919.50","35,275.50","3,018.02"
05-01-2017,04-02-2017,08-02-2017,3501,2,966,177,10,"3,939.60","39,396.00","3,348.66"
05-01-2017,31-01-2017,03-02-2017,356,3,99,414,12,797.3,"9,567.60",518.25
05-01-2017,07-01-2017,18-01-2017,1076,1,892,215,10,"5,835.70","58,357.00","2,509.35"
05-01-2017,23-01-2017,04-02-2017,775,1,943,246,12,"6,023.30","72,279.60","3,132.12"
05-01-2017,29-01-2017,10-02-2017,2643,1,125,238,11,"2,592.90","28,521.90","1,192.73"
05-01-2017,31-01-2017,05-02-2017,3564,3,447,392,11,"2,003.30","22,036.30","1,121.85"
05-01-2017,09-01-2017,06-01-2017,892,3,83,277,11,"4,006.60","44,072.60","3,365.54"
05-01-2017,07-01-2017,20-01-2017,1652,2,237,268,6,"3,993.20","23,959.20","1,677.14"
05-01-2017,20-01-2017,06-02-2017,1232,1,38,409,7,"3,966.40","27,764.80","3,054.13"
05-01-2017,02-02-2017,10-02-2017,2889,2,514,321,12,247.9,"2,974.80",123.95
05-01-2017,25-01-2017,27-01-2017,1968,1,230,404,8,"3,738.60","29,908.80","2,056.23"
05-01-2017,04-02-2017,23-02-2017,2298,3,664,96,11,"3,879.30","42,672.30","3,025.85"
05-01-2017,08-01-2017,22-01-2017,1778,1,172,265,6,"1,139.00","6,834.00",501.16
05-01-2017,13-01-2017,26-01-2017,2214,1,419,389,12,"5,406.90","64,882.80","2,216.83"
06-01-2017,06-01-2017,02-01-2017,1627,1,449,50,8,214.4,"1,715.20",107.2
06-01-2017,19-01-2017,17-01-2017,2978,2,822,149,7,"2,003.30","14,023.10",901.49
06-01-2017,30-01-2017,16-02-2017,1675,1,462,53,9,"2,318.20","20,863.80","1,089.55"
06-01-2017,24-01-2017,31-01-2017,2595,2,716,126,11,"3,363.40","36,997.40","2,354.38"
06-01-2017,02-02-2017,21-02-2017,3316,1,329,187,12,"3,973.10","47,677.20","1,708.43"
06-01-2017,30-01-2017,04-02-2017,2475,2,206,276,7,"1,125.60","7,879.20",495.26
06-01-2017,28-01-2017,02-02-2017,2286,2,735,223,6,"2,432.10","14,592.60","1,751.11"
06-01-2017,08-01-2017,28-01-2017,1820,1,501,337,11,"5,279.60","58,075.60","3,167.76"
06-01-2017,15-01-2017,03-02-2017,2896,1,411,156,10,"1,078.70","10,787.00",431.48
06-01-2017,29-01-2017,04-02-2017,2548,1,174,110,10,"2,659.90","26,599.00","1,117.16"
06-01-2017,01-02-2017,10-02-2017,2952,1,846,190,5,"1,051.90","5,259.50",462.84
06-01-2017,07-01-2017,02-01-2017,250,3,326,89,7,"2,673.30","18,713.10","1,176.25"
06-01-2017,07-01-2017,17-01-2017,3123,1,180,408,8,"1,916.20","15,329.60","1,341.34"
06-01-2017,06-02-2017,17-02-2017,1791,1,839,273,8,"2,472.30","19,778.40",988.92
06-01-2017,07-01-2017,22-01-2017,460,1,953,409,7,"2,680.00","18,760.00","1,206.00"
06-01-2017,07-01-2017,18-01-2017,2915,1,29,350,10,"1,889.40","18,894.00","1,322.58"
06-01-2017,03-02-2017,02-02-2017,954,3,796,62,5,"3,886.00","19,430.00","2,253.88"
06-01-2017,30-01-2017,25-01-2017,1255,1,606,335,6,"1,045.20","6,271.20",721.19
07-01-2017,24-01-2017,21-01-2017,1869,1,516,238,5,"3,778.80","18,894.00","1,662.67"
07-01-2017,11-01-2017,16-01-2017,366,1,101,309,11,"2,257.90","24,836.90","1,670.85"
07-01-2017,15-01-2017,30-01-2017,1908,2,796,341,7,"1,078.70","7,550.90",647.22
07-01-2017,20-01-2017,05-02-2017,2883,1,304,53,11,"1,031.80","11,349.80",567.49
07-01-2017,19-01-2017,03-02-2017,1297,1,647,55,9,"6,157.30","55,415.70","4,802.69"
07-01-2017,16-01-2017,31-01-2017,2693,1,796,25,9,"3,886.00","34,974.00","2,059.58"
07-01-2017,14-01-2017,23-01-2017,2599,1,403,265,9,"1,098.80","9,889.20",846.08
07-01-2017,01-02-2017,11-02-2017,448,1,619,323,5,"5,815.60","29,078.00","4,419.86"
07-01-2017,07-02-2017,08-02-2017,1260,2,797,179,10,998.3,"9,983.00",808.62
07-01-2017,09-01-2017,08-01-2017,3567,2,829,92,10,268,"2,680.00",198.32
07-01-2017,08-01-2017,11-01-2017,2618,1,721,406,9,877.7,"7,899.30",438.85
07-01-2017,06-02-2017,25-02-2017,1982,1,602,393,9,167.5,"1,507.50",112.23
07-01-2017,05-02-2017,09-02-2017,1614,1,86,286,11,261.3,"2,874.30",146.33
07-01-2017,02-02-2017,17-02-2017,1806,1,479,260,8,"2,318.20","18,545.60","1,414.10"
07-01-2017,23-01-2017,08-02-2017,766,1,960,153,8,978.2,"7,825.60",596.7
07-01-2017,09-01-2017,16-01-2017,2180,2,516,360,7,"3,899.40","27,295.80","1,598.75"
07-01-2017,03-02-2017,22-02-2017,3095,2,763,326,7,958.1,"6,706.70",747.32
08-01-2017,21-01-2017,02-02-2017,837,1,231,251,6,"5,112.10","30,672.60","2,913.90"
08-01-2017,28-01-2017,16-02-2017,3052,3,842,389,11,938,"10,318.00",497.14
08-01-2017,27-01-2017,31-01-2017,2505,1,691,180,10,"3,953.00","39,530.00","2,885.69"
08-01-2017,27-01-2017,15-02-2017,1957,1,540,76,11,"3,242.80","35,670.80","2,756.38"
08-01-2017,04-02-2017,02-02-2017,3600,2,770,249,11,"1,963.10","21,594.10","1,668.64"
08-01-2017,20-01-2017,27-01-2017,252,3,662,254,7,"2,405.30","16,837.10","1,731.82"
08-01-2017,18-01-2017,13-01-2017,3064,2,647,238,12,"5,306.40","63,676.80","2,387.88"
08-01-2017,06-02-2017,04-02-2017,910,1,162,259,11,"2,425.40","26,679.40","1,770.54"
08-01-2017,12-01-2017,17-01-2017,1367,1,875,355,10,"6,351.60","63,516.00","3,048.77"
08-01-2017,15-01-2017,27-01-2017,2259,1,798,149,7,"5,768.70","40,380.90","2,711.29"
08-01-2017,09-01-2017,15-01-2017,2513,2,383,268,9,864.3,"7,778.70",406.22
08-01-2017,07-02-2017,18-02-2017,3035,3,459,208,5,"1,045.20","5,226.00",533.05
08-01-2017,14-01-2017,23-01-2017,2215,2,684,402,7,"1,125.60","7,879.20",495.26
08-01-2017,29-01-2017,16-02-2017,2296,2,130,144,9,"2,291.40","20,622.60","1,283.18"
08-01-2017,07-02-2017,16-02-2017,601,3,581,86,5,"1,098.80","5,494.00",516.44
08-01-2017,17-01-2017,19-01-2017,965,2,308,414,11,"1,118.90","12,307.90",548.26
08-01-2017,29-01-2017,05-02-2017,1668,2,84,73,11,"3,524.20","38,766.20","1,515.41"
08-01-2017,06-02-2017,10-02-2017,2441,3,281,201,8,"2,546.00","20,368.00","1,196.62"
08-01-2017,28-01-2017,06-02-2017,1136,3,720,201,9,247.9,"2,231.10",131.39
08-01-2017,07-02-2017,23-02-2017,1248,1,523,172,10,"1,896.10","18,961.00","1,592.72"
09-01-2017,18-01-2017,31-01-2017,395,1,109,32,9,"1,078.70","9,708.30",765.88
09-01-2017,13-01-2017,15-01-2017,2412,1,666,361,10,"5,118.80","51,188.00","3,890.29"
09-01-2017,02-02-2017,20-02-2017,3160,3,902,207,6,971.5,"5,829.00",670.34
09-01-2017,31-01-2017,11-02-2017,3233,1,494,21,8,"1,916.20","15,329.60","1,494.64"
09-01-2017,28-01-2017,07-02-2017,2457,2,698,237,6,"1,762.10","10,572.60","1,127.74"
09-01-2017,21-01-2017,01-02-2017,1890,1,388,304,7,"3,839.10","26,873.70","2,457.02"
09-01-2017,03-02-2017,01-02-2017,123,3,865,337,9,187.6,"1,688.40",95.68
09-01-2017,14-01-2017,12-01-2017,113,1,952,198,12,"6,559.30","78,711.60","3,279.65"
09-01-2017,28-01-2017,24-01-2017,250,1,833,312,7,917.9,"6,425.30",715.96
09-01-2017,12-01-2017,18-01-2017,950,1,141,402,11,"1,125.60","12,381.60",607.82
09-01-2017,10-01-2017,20-01-2017,257,1,730,328,12,958.1,"11,497.20",411.98
09-01-2017,14-01-2017,01-02-2017,467,1,22,227,5,"3,142.30","15,711.50","2,419.57"
09-01-2017,28-01-2017,10-02-2017,1042,1,622,264,12,"2,519.20","30,230.40","1,058.06"
09-01-2017,25-01-2017,06-02-2017,1307,2,138,182,8,891.1,"7,128.80",632.68
09-01-2017,30-01-2017,31-01-2017,3424,2,520,256,5,"5,540.90","27,704.50","2,438.00"
09-01-2017,24-01-2017,05-02-2017,1280,2,692,78,11,"3,953.00","43,483.00","2,767.10"
09-01-2017,22-01-2017,04-02-2017,2757,2,775,270,5,904.5,"4,522.50",470.34
09-01-2017,16-01-2017,15-01-2017,3595,1,201,249,5,"2,378.50","11,892.50","1,974.16"
09-01-2017,13-01-2017,16-01-2017,2274,1,218,342,6,"1,152.40","6,914.40",576.2
10-01-2017,16-01-2017,20-01-2017,1031,1,285,187,7,"1,869.30","13,085.10","1,495.44"
10-01-2017,29-01-2017,18-02-2017,2409,3,665,373,12,"3,939.60","47,275.20","2,087.99"
10-01-2017,07-02-2017,09-02-2017,310,1,86,347,5,"1,038.50","5,192.50",810.03
10-01-2017,20-01-2017,25-01-2017,1239,2,342,123,8,"5,929.50","47,436.00","3,913.47"
10-01-2017,20-01-2017,19-01-2017,2891,2,236,3,10,"3,825.70","38,257.00","2,563.22"
10-01-2017,24-01-2017,13-02-2017,3018,1,424,295,6,"1,092.10","6,552.60",797.23
10-01-2017,24-01-2017,04-02-2017,2098,2,867,23,10,"3,999.90","39,999.00","3,359.92"
10-01-2017,30-01-2017,07-02-2017,1669,1,637,370,7,"6,291.30","44,039.10","3,774.78"
10-01-2017,19-01-2017,20-01-2017,3145,1,38,16,12,"6,452.10","77,425.20","2,903.45"
10-01-2017,15-01-2017,03-02-2017,2296,3,746,33,6,201,"1,206.00",82.41
10-01-2017,24-01-2017,20-01-2017,3285,1,97,62,5,"1,165.80","5,829.00",571.24
10-01-2017,12-01-2017,17-01-2017,1969,1,436,227,5,"1,098.80","5,494.00",890.03
10-01-2017,04-02-2017,11-02-2017,2079,2,280,405,11,214.4,"2,358.40",115.78
10-01-2017,17-01-2017,19-01-2017,3576,2,703,197,10,964.8,"9,648.00",578.88
10-01-2017,15-01-2017,02-02-2017,3540,1,617,111,6,"2,485.70","14,914.20","1,889.13"
10-01-2017,11-01-2017,29-01-2017,519,2,793,354,9,"1,072.00","9,648.00",493.12
10-01-2017,03-02-2017,14-02-2017,237,3,219,100,12,690.1,"8,281.20",282.94
10-01-2017,01-02-2017,15-02-2017,3001,1,683,397,7,"1,246.20","8,723.40",710.33
10-01-2017,04-02-2017,24-02-2017,3457,3,13,121,10,"5,346.60","53,466.00","3,475.29"
10-01-2017,02-02-2017,12-02-2017,2005,1,260,280,8,"2,639.80","21,118.40","1,847.86"
11-01-2017,30-01-2017,10-02-2017,2577,1,711,300,6,"1,252.90","7,517.40","1,052.44"
11-01-2017,16-01-2017,24-01-2017,280,1,78,116,7,"3,061.90","21,433.30","2,051.47"
11-01-2017,06-02-2017,19-02-2017,177,2,49,277,9,"1,172.50","10,552.50",515.9
11-01-2017,22-01-2017,19-01-2017,1629,2,450,84,11,"1,045.20","11,497.20",543.5
11-01-2017,17-01-2017,27-01-2017,442,1,122,358,8,"2,492.40","19,939.20","1,869.30"
11-01-2017,06-02-2017,20-02-2017,1064,3,294,39,9,"1,098.80","9,889.20",670.27
11-01-2017,24-01-2017,24-01-2017,3334,2,920,396,6,904.5,"5,427.00",452.25
11-01-2017,15-01-2017,14-01-2017,1254,3,346,349,7,"1,031.80","7,222.60",680.99
11-01-2017,19-01-2017,29-01-2017,2357,2,805,329,5,207.7,"1,038.50",120.47
11-01-2017,31-01-2017,04-02-2017,424,1,718,25,6,"3,886.00","23,316.00","1,981.86"
11-01-2017,12-01-2017,11-01-2017,2533,1,592,305,7,"2,405.30","16,837.10","1,154.54"
11-01-2017,05-02-2017,04-02-2017,3144,1,9,188,9,"5,594.50","50,350.50","4,083.99"
11-01-2017,04-02-2017,06-02-2017,1538,1,399,233,12,"3,906.10","46,873.20","2,968.64"
11-01-2017,11-02-2017,28-02-2017,1381,3,49,94,7,"1,145.70","8,019.90",469.74
11-01-2017,21-01-2017,23-01-2017,1008,2,440,180,5,"2,519.20","12,596.00","1,964.98"
11-01-2017,14-01-2017,17-01-2017,1427,1,174,209,5,"2,921.20","14,606.00","2,103.26"
11-01-2017,11-01-2017,24-01-2017,881,3,270,100,7,924.6,"6,472.20",665.71
11-01-2017,28-01-2017,28-01-2017,3415,2,221,145,8,"1,005.00","8,040.00",603
11-01-2017,06-02-2017,11-02-2017,7,2,864,23,8,"1,695.10","13,560.80",915.35
11-01-2017,02-02-2017,10-02-2017,3378,3,480,2,6,"1,058.60","6,351.60",868.05
11-01-2017,19-01-2017,31-01-2017,1566,1,859,302,7,"1,085.40","7,597.80",716.36
11-01-2017,11-02-2017,03-03-2017,862,1,58,151,10,167.5,"1,675.00",117.25
11-01-2017,21-01-2017,02-02-2017,1968,2,532,406,5,"1,125.60","5,628.00",529.03
11-01-2017,03-02-2017,29-01-2017,2357,1,992,84,9,234.5,"2,110.50",194.64
11-01-2017,25-01-2017,21-01-2017,2296,3,893,214,12,"2,425.40","29,104.80","1,455.24"
11-01-2017,12-01-2017,21-01-2017,1730,1,463,112,12,"1,118.90","13,426.80",951.07
11-01-2017,16-01-2017,23-01-2017,2067,3,621,358,6,"1,293.10","7,758.60",685.34
11-01-2017,14-01-2017,25-01-2017,1739,1,260,348,12,"2,860.90","34,330.80","1,745.15"
12-01-2017,09-02-2017,22-02-2017,2965,1,818,328,10,"2,894.40","28,944.00","1,910.30"
12-01-2017,07-02-2017,16-02-2017,37,2,11,192,11,"2,619.70","28,816.70","1,309.85"
12-01-2017,13-01-2017,14-01-2017,1262,1,348,270,11,"3,939.60","43,335.60","2,718.32"
12-01-2017,14-01-2017,19-01-2017,356,1,99,403,12,837.5,"10,050.00",628.13
12-01-2017,08-02-2017,23-02-2017,3212,1,887,359,5,"3,892.70","19,463.50","2,763.82"
12-01-2017,13-01-2017,17-01-2017,1434,1,620,248,11,884.4,"9,728.40",698.68
12-01-2017,28-01-2017,04-02-2017,357,2,366,241,8,"2,405.30","19,242.40","1,683.71"
12-01-2017,18-01-2017,02-02-2017,1662,1,375,373,11,"2,613.00","28,743.00","1,463.28"
12-01-2017,21-01-2017,30-01-2017,631,1,433,356,5,241.2,"1,206.00",159.19
12-01-2017,14-01-2017,23-01-2017,769,2,768,360,7,"3,872.60","27,108.20","3,252.98"
12-01-2017,27-01-2017,07-02-2017,127,1,424,192,9,"1,943.00","17,487.00","1,088.08"
12-01-2017,05-02-2017,17-02-2017,1607,1,60,160,9,857.6,"7,718.40",728.96
12-01-2017,31-01-2017,27-01-2017,1979,3,820,367,7,174.2,"1,219.40",120.2
12-01-2017,30-01-2017,09-02-2017,3130,1,315,59,9,"6,385.10","57,465.90","4,724.97"
12-01-2017,28-01-2017,02-02-2017,1116,1,45,378,11,"1,943.00","21,373.00","1,573.83"
12-01-2017,14-01-2017,16-01-2017,1052,2,122,110,11,"1,005.00","11,055.00",412.05
12-01-2017,21-01-2017,16-01-2017,3049,2,610,409,5,"1,159.10","5,795.50",985.24
12-01-2017,18-01-2017,31-01-2017,2774,1,539,373,8,"1,782.20","14,257.60","1,354.47"
12-01-2017,17-01-2017,18-01-2017,1807,1,570,12,10,"1,192.60","11,926.00",918.3
12-01-2017,21-01-2017,25-01-2017,3258,2,945,43,11,261.3,"2,874.30",222.11
12-01-2017,22-01-2017,26-01-2017,2691,1,722,179,11,958.1,"10,539.10",603.6
12-01-2017,22-01-2017,07-02-2017,2791,1,133,215,12,"2,633.10","31,597.20","1,263.89"
13-01-2017,13-01-2017,21-01-2017,1056,2,292,39,10,"2,881.00","28,810.00","2,362.42"
13-01-2017,25-01-2017,25-01-2017,1894,3,523,386,12,268,"3,216.00",206.36
13-01-2017,18-01-2017,27-01-2017,1694,2,468,131,10,"6,009.90","60,099.00","4,507.43"
13-01-2017,07-02-2017,16-02-2017,2106,1,581,399,10,"2,539.30","25,393.00","1,828.30"
13-01-2017,04-02-2017,04-02-2017,802,1,222,221,10,"3,899.40","38,994.00","3,314.49"
13-01-2017,11-02-2017,18-02-2017,645,1,178,180,12,"2,465.60","29,587.20","1,430.05"
13-01-2017,21-01-2017,06-02-2017,2944,1,388,345,10,"1,092.10","10,921.00",556.97
13-01-2017,28-01-2017,24-01-2017,728,1,944,381,8,261.3,"2,090.40",107.13
13-01-2017,13-02-2017,25-02-2017,3590,1,226,334,12,241.2,"2,894.40",103.72
13-01-2017,01-02-2017,01-02-2017,2743,2,677,34,11,"5,607.90","61,686.90","3,757.29"
13-01-2017,02-02-2017,07-02-2017,1047,2,976,313,11,"1,065.30","11,718.30",671.14
13-01-2017,16-01-2017,17-01-2017,1485,2,495,289,12,"1,949.70","23,396.40",896.86
13-01-2017,07-02-2017,24-02-2017,690,1,380,100,11,268,"2,948.00",176.88
13-01-2017,01-02-2017,07-02-2017,563,1,901,252,10,"2,860.90","28,609.00","1,687.93"
13-01-2017,18-01-2017,03-02-2017,1494,1,784,24,5,"1,005.00","5,025.00",592.95
13-01-2017,25-01-2017,21-01-2017,601,1,836,254,11,"1,829.10","20,120.10",877.97
13-01-2017,19-01-2017,19-01-2017,763,3,457,123,7,"3,839.10","26,873.70","1,727.60"
13-01-2017,25-01-2017,08-02-2017,2076,2,491,365,6,207.7,"1,246.20",87.23
13-01-2017,20-01-2017,16-01-2017,1842,1,753,43,5,"1,118.90","5,594.50",794.42
13-01-2017,10-02-2017,11-02-2017,3490,2,310,325,8,"2,479.00","19,832.00","1,834.46"
14-01-2017,14-01-2017,17-01-2017,3140,1,867,396,11,938,"10,318.00",684.74
14-01-2017,16-01-2017,12-01-2017,1791,1,495,411,10,"1,882.70","18,827.00","1,110.79"
14-01-2017,22-01-2017,28-01-2017,3323,1,917,199,7,"1,005.00","7,035.00",412.05
14-01-2017,12-02-2017,15-02-2017,3187,1,880,361,9,"2,807.30","25,265.70","2,049.33"
14-01-2017,09-02-2017,24-02-2017,477,1,132,49,7,"1,025.10","7,175.70",635.56
14-01-2017,22-01-2017,19-01-2017,2056,1,568,201,12,"3,946.30","47,355.60","1,775.84"
14-01-2017,07-02-2017,08-02-2017,3468,2,957,45,7,"1,909.50","13,366.50","1,145.70"
14-01-2017,19-01-2017,29-01-2017,2593,3,716,52,9,783.9,"7,055.10",509.54
14-01-2017,14-01-2017,15-01-2017,3459,1,955,258,11,"1,085.40","11,939.40",770.63
14-01-2017,31-01-2017,07-02-2017,3314,2,456,134,9,"2,412.00","21,708.00","1,784.88"
14-01-2017,24-01-2017,27-01-2017,1590,2,296,379,11,"2,519.20","27,711.20","1,964.98"
14-01-2017,20-01-2017,26-01-2017,1682,3,157,315,12,"6,251.10","75,013.20","2,938.02"
14-01-2017,08-02-2017,26-02-2017,3122,3,35,11,7,"3,865.90","27,061.30","2,551.49"
14-01-2017,27-01-2017,16-02-2017,868,3,77,190,6,"1,018.40","6,110.40",723.06
14-01-2017,25-01-2017,02-02-2017,2922,3,236,122,5,"6,164.00","30,820.00","4,129.88"
14-01-2017,18-01-2017,03-02-2017,2851,2,824,232,10,"3,979.80","39,798.00","3,263.44"
14-01-2017,17-01-2017,05-02-2017,3069,1,559,172,8,891.1,"7,128.80",507.93
14-01-2017,15-01-2017,01-02-2017,1471,3,638,258,10,891.1,"8,911.00",561.39
14-01-2017,08-02-2017,19-02-2017,3259,1,79,249,8,234.5,"1,876.00",171.19
14-01-2017,11-02-2017,23-02-2017,2330,2,44,206,6,"1,949.70","11,698.20","1,559.76"
14-01-2017,26-01-2017,10-02-2017,1726,3,357,205,7,"1,072.00","7,504.00",707.52
14-01-2017,17-01-2017,26-01-2017,3534,1,27,83,5,"5,621.30","28,106.50","2,754.44"
14-01-2017,13-02-2017,11-02-2017,1160,3,396,284,7,"1,132.30","7,926.10",962.46
14-01-2017,28-01-2017,14-02-2017,2695,3,809,197,8,"2,291.40","18,331.20","1,810.21"
14-01-2017,18-01-2017,31-01-2017,2721,1,462,226,9,"2,318.20","20,863.80","1,089.55"
15-01-2017,18-01-2017,01-02-2017,1177,2,325,88,6,"2,412.00","14,472.00","1,519.56"
15-01-2017,15-01-2017,18-01-2017,1286,1,355,352,12,958.1,"11,497.20",440.73
15-01-2017,21-01-2017,21-01-2017,894,2,247,43,8,"3,872.60","30,980.80","2,323.56"
15-01-2017,12-02-2017,14-02-2017,1698,2,469,171,9,"1,775.50","15,979.50","1,260.61"
15-01-2017,03-02-2017,20-02-2017,473,2,131,326,7,"5,755.30","40,287.10","3,740.95"
15-01-2017,31-01-2017,04-02-2017,1998,1,552,202,6,167.5,"1,005.00",108.88
15-01-2017,07-02-2017,15-02-2017,1249,2,345,397,6,"1,092.10","6,552.60",436.84
15-01-2017,10-02-2017,07-02-2017,1633,1,451,383,5,"3,845.80","19,229.00","2,269.02"
15-01-2017,31-01-2017,19-02-2017,3447,1,648,85,5,"2,010.00","10,050.00","1,346.70"
15-01-2017,12-02-2017,18-02-2017,3091,1,774,85,10,"1,105.50","11,055.00",795.96
15-01-2017,15-01-2017,17-01-2017,2126,2,836,408,5,978.2,"4,891.00",489.1
15-01-2017,09-02-2017,15-02-2017,2754,3,404,189,7,938,"6,566.00",590.94
15-01-2017,25-01-2017,02-02-2017,3374,1,114,54,5,"3,819.00","19,095.00","2,405.97"
15-01-2017,26-01-2017,29-01-2017,1950,2,81,88,10,844.2,"8,442.00",574.06
15-01-2017,23-01-2017,04-02-2017,2865,2,726,342,5,"3,457.20","17,286.00","1,486.60"
15-01-2017,16-01-2017,17-01-2017,1321,2,811,276,8,"5,038.40","40,307.20","3,627.65"
15-01-2017,16-01-2017,28-01-2017,465,2,887,170,11,"5,648.10","62,129.10","2,372.20"
15-01-2017,15-01-2017,22-01-2017,53,1,509,203,10,"5,547.60","55,476.00","3,217.61"
15-01-2017,16-01-2017,23-01-2017,1960,1,374,282,10,"1,112.20","11,122.00",600.59
15-01-2017,02-02-2017,02-02-2017,2144,3,615,91,8,"1,259.60","10,076.80",705.38
15-01-2017,11-02-2017,07-02-2017,3358,1,75,99,12,"1,132.30","13,587.60",611.44
15-01-2017,19-01-2017,14-01-2017,1020,2,90,155,6,254.6,"1,527.60",216.41
15-01-2017,26-01-2017,22-01-2017,1241,2,48,90,10,261.3,"2,613.00",143.72
15-01-2017,29-01-2017,13-02-2017,2087,1,2,132,8,864.3,"6,914.40",553.15
15-01-2017,12-02-2017,03-03-2017,2025,1,56,94,12,"3,953.00","47,436.00","3,280.99"
15-01-2017,03-02-2017,11-02-2017,2382,3,84,16,10,"3,510.80","35,108.00","1,930.94"
15-01-2017,15-02-2017,28-02-2017,339,2,247,78,8,"3,872.60","30,980.80","2,323.56"
16-01-2017,03-02-2017,01-02-2017,1310,3,362,318,8,991.6,"7,932.80",634.62
16-01-2017,07-02-2017,11-02-2017,3364,1,928,8,5,"3,852.50","19,262.50","2,966.43"
16-01-2017,12-02-2017,18-02-2017,1045,2,289,206,6,951.4,"5,708.40",380.56
16-01-2017,24-01-2017,09-02-2017,1327,2,366,391,8,"1,212.70","9,701.60",557.84
16-01-2017,10-02-2017,27-02-2017,1238,2,342,374,6,"6,298.00","37,788.00","3,337.94"
16-01-2017,07-02-2017,10-02-2017,150,2,160,60,5,"5,366.70","26,833.50","2,951.69"
16-01-2017,07-02-2017,23-02-2017,178,2,42,110,8,"1,212.70","9,701.60",557.84
16-01-2017,04-02-2017,03-02-2017,171,2,431,221,9,"1,936.30","17,426.70","1,394.14"
16-01-2017,08-02-2017,21-02-2017,1500,1,629,136,6,"2,659.90","15,959.40","1,649.14"
16-01-2017,02-02-2017,02-02-2017,1776,1,459,146,7,167.5,"1,172.50",118.93
16-01-2017,02-02-2017,31-01-2017,799,1,476,154,10,"3,953.00","39,530.00","2,885.69"
16-01-2017,13-02-2017,13-02-2017,1838,1,464,325,10,958.1,"9,581.00",469.47
16-01-2017,03-02-2017,29-01-2017,1667,1,648,404,11,194.3,"2,137.30",126.3
16-01-2017,16-02-2017,15-02-2017,2412,1,87,146,6,"1,159.10","6,954.60",498.41
16-01-2017,28-01-2017,25-01-2017,3289,1,607,280,12,"1,916.20","22,994.40","1,034.75"
16-01-2017,31-01-2017,04-02-2017,2540,2,519,35,8,"3,839.10","30,712.80","1,996.33"
16-01-2017,25-01-2017,01-02-2017,1373,2,208,308,12,"1,748.70","20,984.40","1,206.60"
16-01-2017,10-02-2017,06-02-2017,1381,1,944,17,6,"1,855.90","11,135.40",816.6
16-01-2017,24-01-2017,06-02-2017,2287,1,814,102,10,"5,835.70","58,357.00","3,267.99"
17-01-2017,16-02-2017,24-02-2017,193,1,54,104,6,"2,418.70","14,512.20","1,910.77"
17-01-2017,09-02-2017,01-03-2017,2528,1,698,259,12,"3,651.50","43,818.00","2,921.20"
17-01-2017,12-02-2017,13-02-2017,1005,3,278,154,8,"1,809.00","14,472.00","1,013.04"
17-01-2017,28-01-2017,28-01-2017,1654,2,457,344,10,"2,525.90","25,259.00","1,742.87"
17-01-2017,20-01-2017,03-02-2017,1086,1,300,235,11,"3,671.60","40,387.60","2,459.97"
17-01-2017,10-02-2017,25-02-2017,2839,2,783,361,10,"6,123.80","61,238.00","3,919.23"
17-01-2017,24-01-2017,22-01-2017,2091,1,922,240,7,737,"5,159.00",353.76
17-01-2017,23-01-2017,29-01-2017,1560,2,38,142,10,167.5,"1,675.00",130.65
17-01-2017,01-02-2017,01-02-2017,1734,1,662,43,12,"2,519.20","30,230.40","1,990.17"
17-01-2017,31-01-2017,17-02-2017,1779,2,110,187,7,"2,559.40","17,915.80","1,612.42"
17-01-2017,29-01-2017,10-02-2017,2739,1,679,389,11,"1,078.70","11,865.70",701.16
17-01-2017,03-02-2017,31-01-2017,1252,1,815,117,9,"1,956.40","17,607.60",860.82
17-01-2017,18-01-2017,25-01-2017,777,2,994,371,9,"2,452.20","22,069.80","1,716.54"
17-01-2017,10-02-2017,19-02-2017,2238,1,544,24,5,227.8,"1,139.00",164.02
17-01-2017,28-01-2017,05-02-2017,1217,1,578,66,8,871,"6,968.00",600.99
18-01-2017,17-02-2017,14-02-2017,2697,2,745,127,7,"2,499.10","17,493.70","1,024.63"
18-01-2017,24-01-2017,26-01-2017,1676,2,463,118,5,"1,098.80","5,494.00",824.1
18-01-2017,15-02-2017,26-02-2017,1879,2,519,134,7,"1,212.70","8,488.90",715.49
18-01-2017,12-02-2017,18-02-2017,2616,3,722,350,5,"3,631.40","18,157.00","1,561.50"
18-01-2017,21-01-2017,04-02-2017,2268,2,626,160,6,"1,112.20","6,673.20",656.2
18-01-2017,15-02-2017,10-02-2017,1843,2,966,411,11,"3,229.40","35,523.40","1,679.29"
18-01-2017,11-02-2017,18-02-2017,2068,1,186,30,7,221.1,"1,547.70",161.4
18-01-2017,30-01-2017,18-02-2017,3317,2,339,170,8,"1,072.00","8,576.00",600.32
18-01-2017,31-01-2017,14-02-2017,775,3,26,349,9,"2,338.30","21,044.70","1,215.92"
18-01-2017,08-02-2017,03-02-2017,7,1,582,362,6,"6,009.90","36,059.40","4,928.12"
18-01-2017,19-01-2017,25-01-2017,1722,3,709,333,10,"3,839.10","38,391.00","2,149.90"
18-01-2017,30-01-2017,06-02-2017,629,3,465,232,9,"1,989.90","17,909.10",994.95
18-01-2017,08-02-2017,28-02-2017,1092,2,486,23,6,984.9,"5,909.40",748.52
18-01-2017,15-02-2017,17-02-2017,509,1,623,31,5,"1,118.90","5,594.50",850.36
18-01-2017,21-01-2017,31-01-2017,710,1,169,217,9,991.6,"8,924.40",694.12
18-01-2017,14-02-2017,26-02-2017,3229,3,149,231,5,690.1,"3,450.50",496.87
18-01-2017,07-02-2017,26-02-2017,3138,2,42,357,7,"2,318.20","16,227.40","1,460.47"
18-01-2017,08-02-2017,25-02-2017,546,1,950,122,6,"1,855.90","11,135.40","1,429.04"
18-01-2017,04-02-2017,19-02-2017,2143,2,277,30,5,"1,005.00","5,025.00",603
18-01-2017,06-02-2017,12-02-2017,2526,1,663,163,11,"6,023.30","66,256.30","3,734.45"
18-01-2017,07-02-2017,15-02-2017,2070,2,371,87,6,"1,018.40","6,110.40",712.88
18-01-2017,25-01-2017,14-02-2017,2944,1,670,41,11,"1,902.80","20,930.80","1,217.79"
18-01-2017,31-01-2017,03-02-2017,290,3,257,118,12,221.1,"2,653.20",172.46
18-01-2017,08-02-2017,13-02-2017,2407,1,791,287,10,"5,721.80","57,218.00","3,719.17"
18-01-2017,19-01-2017,21-01-2017,3602,2,563,82,6,268,"1,608.00",174.2
18-01-2017,06-02-2017,09-02-2017,444,3,661,372,12,"2,324.90","27,898.80","1,441.44"
18-01-2017,07-02-2017,11-02-2017,3074,1,798,380,7,214.4,"1,500.80",122.21
18-01-2017,21-01-2017,30-01-2017,921,1,441,33,11,247.9,"2,726.90",146.26
18-01-2017,22-01-2017,22-01-2017,1585,1,172,327,7,"2,673.30","18,713.10","2,138.64"
18-01-2017,23-01-2017,26-01-2017,1028,2,478,286,10,"6,210.90","62,109.00","2,857.01"
19-01-2017,13-02-2017,19-02-2017,1582,1,437,182,8,"1,226.10","9,808.80",956.36
19-01-2017,11-02-2017,11-02-2017,1145,1,316,276,10,174.2,"1,742.00",90.58
19-01-2017,11-02-2017,21-02-2017,623,3,172,274,10,"1,031.80","10,318.00",546.85
19-01-2017,03-02-2017,22-02-2017,934,2,258,195,5,"2,619.70","13,098.50","1,152.67"
19-01-2017,21-01-2017,29-01-2017,1263,1,349,325,9,"6,137.20","55,234.80","2,823.11"
19-01-2017,20-01-2017,30-01-2017,333,1,92,134,7,964.8,"6,753.60",395.57
19-01-2017,20-01-2017,05-02-2017,121,2,34,228,11,"5,460.50","60,065.50","2,348.02"
19-01-2017,19-01-2017,23-01-2017,3397,2,699,283,5,254.6,"1,273.00",175.67
19-01-2017,18-02-2017,05-03-2017,1626,3,455,174,10,"1,025.10","10,251.00",481.8
19-01-2017,23-01-2017,12-02-2017,2128,1,855,336,7,"2,371.80","16,602.60",996.16
19-01-2017,03-02-2017,21-02-2017,3133,1,524,123,9,"1,065.30","9,587.70",522
19-01-2017,26-01-2017,03-02-2017,3423,2,555,269,6,"5,494.00","32,964.00","2,747.00"
19-01-2017,26-01-2017,04-02-2017,926,1,785,247,7,"2,760.40","19,322.80","1,739.05"
19-01-2017,17-02-2017,01-03-2017,2720,1,606,20,6,"1,045.20","6,271.20",721.19
19-01-2017,04-02-2017,11-02-2017,2210,2,478,8,7,"1,728.60","12,100.20","1,071.73"
19-01-2017,15-02-2017,12-02-2017,3251,2,752,220,9,"6,432.00","57,888.00","4,373.76"
19-01-2017,15-02-2017,28-02-2017,3043,1,315,142,7,"1,045.20","7,316.40",616.67
19-01-2017,19-01-2017,02-02-2017,2130,3,991,212,7,"1,916.20","13,413.40","1,092.23"
19-01-2017,14-02-2017,16-02-2017,3141,3,169,113,8,830.8,"6,646.40",581.56
19-01-2017,10-02-2017,06-02-2017,3515,3,3,188,8,"1,045.20","8,361.60",794.35
19-01-2017,23-01-2017,27-01-2017,3498,3,72,244,11,"1,326.60","14,592.60","1,101.08"
19-01-2017,21-01-2017,18-01-2017,2538,2,865,382,11,"5,427.00","59,697.00","2,442.15"
19-01-2017,09-02-2017,13-02-2017,680,2,475,196,11,"3,973.10","43,704.10","2,423.59"
19-01-2017,13-02-2017,15-02-2017,2830,2,408,388,6,"3,959.70","23,758.20","2,930.18"
19-01-2017,30-01-2017,11-02-2017,1810,1,679,332,12,"1,212.70","14,552.40",497.21
19-01-2017,22-01-2017,24-01-2017,2813,1,58,148,11,"2,324.90","25,573.90","1,394.94"
19-01-2017,11-02-2017,09-02-2017,267,2,166,100,9,958.1,"8,622.90",469.47
19-01-2017,09-02-2017,07-02-2017,242,1,360,108,7,971.5,"6,800.50",505.18
19-01-2017,19-01-2017,08-02-2017,2987,1,70,55,5,"3,450.50","17,252.50","2,346.34"
19-01-2017,04-02-2017,22-02-2017,2474,1,991,156,8,"5,152.30","41,218.40","2,576.15"
19-01-2017,19-01-2017,04-02-2017,2903,1,873,349,11,"3,953.00","43,483.00","1,976.50"
19-01-2017,19-01-2017,23-01-2017,33,3,635,196,8,"1,105.50","8,844.00",928.62
19-01-2017,09-02-2017,20-02-2017,1890,1,911,234,7,"2,820.70","19,744.90","2,228.35"
19-01-2017,09-02-2017,10-02-2017,778,2,280,135,7,247.9,"1,735.30",123.95
20-01-2017,27-01-2017,29-01-2017,657,1,182,80,5,"1,092.10","5,460.50",797.23
20-01-2017,23-01-2017,29-01-2017,3574,1,986,292,11,"1,876.00","20,636.00",994.28
20-01-2017,25-01-2017,29-01-2017,448,1,124,209,8,"5,983.10","47,864.80","2,632.56"
20-01-2017,14-02-2017,05-03-2017,3459,2,955,51,10,"6,070.20","60,702.00","4,552.65"
20-01-2017,25-01-2017,04-02-2017,1431,2,395,106,10,254.6,"2,546.00",150.21
20-01-2017,22-01-2017,05-02-2017,2581,1,712,294,7,"5,540.90","38,786.30","2,438.00"
20-01-2017,06-02-2017,04-02-2017,2855,2,152,295,7,"2,780.50","19,463.50","2,057.57"
20-01-2017,22-01-2017,21-01-2017,449,2,888,250,6,710.2,"4,261.20",390.61
20-01-2017,27-01-2017,10-02-2017,367,1,920,40,11,"3,912.80","43,040.80","2,934.60"
20-01-2017,28-01-2017,24-01-2017,82,2,450,333,6,"1,809.00","10,854.00","1,519.56"
20-01-2017,24-01-2017,29-01-2017,1698,1,947,115,12,"1,969.80","23,637.60",866.71
20-01-2017,08-02-2017,27-02-2017,2153,1,711,172,8,"1,065.30","8,522.40",617.87
20-01-2017,01-02-2017,02-02-2017,3167,1,826,72,9,"1,326.60","11,939.40","1,061.28"
20-01-2017,19-02-2017,09-03-2017,2126,1,252,352,7,"1,025.10","7,175.70",656.06
20-01-2017,07-02-2017,23-02-2017,248,1,505,191,9,"2,599.60","23,396.40","1,221.81"
20-01-2017,10-02-2017,14-02-2017,3092,2,108,62,8,"1,118.90","8,951.20",469.94
20-01-2017,15-02-2017,28-02-2017,3084,2,33,62,8,"3,959.70","31,677.60","2,098.64"
20-01-2017,29-01-2017,12-02-2017,73,1,815,266,6,"3,973.10","23,838.60","3,019.56"
20-01-2017,06-02-2017,11-02-2017,1168,3,611,330,6,"5,567.70","33,406.20","2,728.17"
20-01-2017,19-02-2017,15-02-2017,2052,2,946,161,10,"3,832.40","38,324.00","2,567.71"
20-01-2017,03-02-2017,04-02-2017,2819,3,628,369,11,"2,626.40","28,890.40","2,153.65"
20-01-2017,28-01-2017,31-01-2017,155,1,832,304,10,"1,708.50","17,085.00","1,008.02"
21-01-2017,26-01-2017,15-02-2017,1710,1,472,242,10,"1,118.90","11,189.00",783.23
21-01-2017,25-01-2017,07-02-2017,1356,2,374,109,6,991.6,"5,949.60",485.88
21-01-2017,30-01-2017,14-02-2017,1994,1,551,76,9,"1,031.80","9,286.20",835.76
21-01-2017,08-02-2017,22-02-2017,670,1,185,55,10,911.2,"9,112.00",410.04
21-01-2017,11-02-2017,14-02-2017,2853,2,787,137,11,"3,685.00","40,535.00","2,247.85"
21-01-2017,19-02-2017,20-02-2017,125,2,35,9,7,931.3,"6,519.10",391.15
21-01-2017,08-02-2017,11-02-2017,1056,1,292,301,10,"1,728.60","17,286.00",985.3
21-01-2017,08-02-2017,21-02-2017,936,1,836,309,9,"2,485.70","22,371.30",994.28
21-01-2017,08-02-2017,08-02-2017,2395,2,406,237,5,268,"1,340.00",184.92
21-01-2017,07-02-2017,09-02-2017,1556,2,885,281,7,"1,058.60","7,410.20",571.64
21-01-2017,18-02-2017,08-03-2017,3353,2,501,319,10,"1,795.60","17,956.00","1,059.40"
21-01-2017,02-02-2017,20-02-2017,3527,1,722,95,11,857.6,"9,433.60",420.22
21-01-2017,04-02-2017,08-02-2017,379,1,3,372,8,"1,065.30","8,522.40",681.79
21-01-2017,08-02-2017,21-02-2017,3063,1,373,121,7,991.6,"6,941.20",515.63
21-01-2017,31-01-2017,15-02-2017,1191,3,289,350,12,837.5,"10,050.00",711.88
21-01-2017,05-02-2017,16-02-2017,817,1,605,352,9,"2,780.50","25,024.50","1,445.86"
21-01-2017,25-01-2017,01-02-2017,652,1,908,110,5,"5,286.30","26,431.50","3,013.19"
21-01-2017,31-01-2017,07-02-2017,3006,1,456,195,6,"1,701.80","10,210.80","1,157.22"
21-01-2017,01-02-2017,21-02-2017,1020,2,961,330,5,207.7,"1,038.50",120.47
21-01-2017,21-02-2017,11-03-2017,1822,3,826,184,12,"2,412.00","28,944.00","1,616.04"
21-01-2017,24-01-2017,07-02-2017,1282,1,257,385,12,891.1,"10,693.20",695.06
21-01-2017,29-01-2017,29-01-2017,2014,1,18,249,5,"1,715.20","8,576.00","1,080.58"
21-01-2017,19-02-2017,03-03-2017,2440,2,563,86,9,"2,613.00","23,517.00","1,541.67"
21-01-2017,18-02-2017,17-02-2017,926,2,394,101,10,"1,949.70","19,497.00","1,072.34"
21-01-2017,25-01-2017,20-01-2017,179,1,3,228,12,"2,385.20","28,622.40","1,454.97"
21-01-2017,21-02-2017,16-02-2017,2870,2,350,82,11,221.1,"2,432.10",128.24
21-01-2017,20-02-2017,25-02-2017,3227,1,378,257,9,837.5,"7,537.50",561.13
22-01-2017,17-02-2017,26-02-2017,1189,1,328,131,5,"3,175.80","15,879.00","1,905.48"
22-01-2017,10-02-2017,20-02-2017,3047,2,841,369,10,"3,879.30","38,793.00","1,823.27"
22-01-2017,10-02-2017,14-02-2017,2783,1,768,130,7,"5,266.20","36,863.40","2,791.09"
22-01-2017,04-02-2017,04-02-2017,3459,1,955,186,12,"1,862.60","22,351.20","1,527.33"
22-01-2017,19-02-2017,08-03-2017,3533,1,975,195,5,180.9,904.5,133.87
22-01-2017,16-02-2017,26-02-2017,779,1,215,301,11,676.7,"7,443.70",439.86
22-01-2017,30-01-2017,13-02-2017,850,1,235,155,11,"1,018.40","11,202.40",733.25
22-01-2017,27-01-2017,13-02-2017,1881,2,250,160,7,167.5,"1,172.50",90.45
22-01-2017,22-01-2017,19-01-2017,3525,1,306,107,9,"1,909.50","17,185.50","1,413.03"
22-01-2017,27-01-2017,03-02-2017,3331,3,275,327,10,"1,313.20","13,132.00",577.81
22-01-2017,20-02-2017,23-02-2017,597,3,373,32,8,"1,809.00","14,472.00",741.69
22-01-2017,05-02-2017,02-02-2017,3185,1,327,294,7,837.5,"5,862.50",695.13
22-01-2017,09-02-2017,23-02-2017,1672,1,510,203,9,207.7,"1,869.30",95.54
22-01-2017,24-01-2017,23-01-2017,3589,1,945,28,12,"1,132.30","13,587.60",849.23
22-01-2017,22-02-2017,06-03-2017,2054,2,845,43,11,"2,398.60","26,384.60","1,199.30"
22-01-2017,14-02-2017,01-03-2017,568,1,440,391,5,"1,199.30","5,996.50",791.54
22-01-2017,13-02-2017,16-02-2017,2658,1,1,38,11,944.7,"10,391.70",689.63
22-01-2017,25-01-2017,26-01-2017,1296,2,40,304,6,824.1,"4,944.60",354.36
22-01-2017,05-02-2017,31-01-2017,2638,2,409,301,9,221.1,"1,989.90",97.28
22-01-2017,08-02-2017,09-02-2017,612,1,815,34,5,"1,072.00","5,360.00",568.16
22-01-2017,21-02-2017,23-02-2017,1308,1,697,150,8,"5,661.50","45,292.00","3,623.36"
22-01-2017,25-01-2017,05-02-2017,2100,2,917,393,9,"3,886.00","34,974.00","2,059.58"
23-01-2017,24-01-2017,19-01-2017,3528,1,974,82,9,"3,095.40","27,858.60","1,392.93"
23-01-2017,06-02-2017,13-02-2017,2964,2,818,312,8,"3,356.70","26,853.60","1,879.75"
23-01-2017,04-02-2017,18-02-2017,2252,2,622,356,12,"3,832.40","45,988.80","2,835.98"
23-01-2017,15-02-2017,07-03-2017,2999,3,828,79,9,"3,993.20","35,938.80","2,835.17"
23-01-2017,20-02-2017,05-03-2017,382,1,106,92,8,951.4,"7,611.20",704.04
23-01-2017,16-02-2017,15-02-2017,2599,1,717,149,9,"3,919.50","35,275.50","2,586.87"
23-01-2017,13-02-2017,09-02-2017,1559,1,430,318,8,"1,916.20","15,329.60","1,494.64"
23-01-2017,19-02-2017,17-02-2017,237,1,66,380,9,174.2,"1,567.80",108
23-01-2017,07-02-2017,08-02-2017,2104,3,581,43,5,"1,098.80","5,494.00",516.44
23-01-2017,05-02-2017,15-02-2017,1368,1,604,28,11,"1,862.60","20,488.60",745.04
23-01-2017,23-02-2017,11-03-2017,173,1,725,278,8,"5,661.50","45,292.00","3,623.36"
23-01-2017,06-02-2017,19-02-2017,2269,2,979,183,6,"1,118.90","6,713.40",827.99
23-01-2017,23-01-2017,02-02-2017,2162,2,992,12,9,"3,035.10","27,315.90","2,276.33"
23-01-2017,05-02-2017,16-02-2017,874,1,233,197,12,"1,018.40","12,220.80",682.33
23-01-2017,26-01-2017,26-01-2017,1076,1,547,390,5,"2,398.60","11,993.00","1,223.29"
23-01-2017,15-02-2017,13-02-2017,3318,1,842,350,7,201,"1,407.00",106.53
23-01-2017,12-02-2017,15-02-2017,865,1,850,1,6,187.6,"1,125.60",103.18
23-01-2017,23-02-2017,19-02-2017,2308,2,689,396,9,"5,226.00","47,034.00","3,814.98"
23-01-2017,21-02-2017,16-02-2017,2870,1,265,17,9,"1,011.70","9,105.30",414.8
23-01-2017,04-02-2017,24-02-2017,2690,3,12,357,6,"3,886.00","23,316.00","2,176.16"
23-01-2017,05-02-2017,18-02-2017,3202,1,681,219,10,877.7,"8,777.00",631.94
23-01-2017,25-01-2017,07-02-2017,1694,1,914,274,11,"3,912.80","43,040.80","3,286.75"
23-01-2017,08-02-2017,04-02-2017,1595,1,216,69,6,"1,105.50","6,633.00",851.24
23-01-2017,23-01-2017,22-01-2017,3583,2,779,11,11,984.9,"10,833.90",787.92
23-01-2017,24-01-2017,24-01-2017,2397,1,141,348,11,"2,378.50","26,163.50","1,379.53"
23-01-2017,27-01-2017,13-02-2017,1485,1,631,162,12,"1,139.00","13,668.00",569.5
23-01-2017,23-01-2017,25-01-2017,1533,3,321,332,12,"2,231.10","26,773.20","1,093.24"
23-01-2017,01-02-2017,05-02-2017,3439,3,812,214,7,"1,246.20","8,723.40",660.49
23-01-2017,21-02-2017,28-02-2017,3372,3,685,313,8,"1,748.70","13,989.60",944.3
23-01-2017,13-02-2017,26-02-2017,601,1,65,217,5,"2,579.50","12,897.50","1,496.11"
23-01-2017,21-02-2017,06-03-2017,1567,2,918,102,12,696.8,"8,361.60",564.41
23-01-2017,23-02-2017,20-02-2017,754,2,96,164,9,"2,673.30","24,059.70","1,096.05"
23-01-2017,02-02-2017,07-02-2017,1058,2,182,217,5,"2,237.80","11,189.00",939.88
23-01-2017,20-02-2017,10-03-2017,3585,2,217,304,8,924.6,"7,396.80",711.94
23-01-2017,18-02-2017,14-02-2017,7,1,699,26,11,254.6,"2,800.60",173.13
23-01-2017,21-02-2017,11-03-2017,3591,3,263,134,9,"1,969.80","17,728.20","1,398.56"
24-01-2017,23-02-2017,21-02-2017,52,1,15,203,10,"1,038.50","10,385.00",737.34
24-01-2017,07-02-2017,10-02-2017,2076,3,573,123,8,"1,889.40","15,115.20","1,209.22"
24-01-2017,11-02-2017,11-02-2017,260,2,72,209,12,"1,688.40","20,260.80","1,080.58"
24-01-2017,16-02-2017,23-02-2017,1818,1,502,292,7,"1,011.70","7,081.90",799.24
24-01-2017,25-01-2017,13-02-2017,114,2,32,88,5,"1,025.10","5,125.50",850.83
24-01-2017,24-01-2017,07-02-2017,1591,1,439,221,10,"3,872.60","38,726.00","2,749.55"
24-01-2017,05-02-2017,17-02-2017,1345,1,539,289,8,"1,782.20","14,257.60","1,354.47"
24-01-2017,28-01-2017,06-02-2017,2201,1,788,31,11,234.5,"2,579.50",98.49
24-01-2017,30-01-2017,18-02-2017,1016,1,615,380,12,"3,879.30","46,551.60","1,551.72"
24-01-2017,05-02-2017,01-02-2017,1190,1,376,380,12,"2,405.30","28,863.60","1,395.07"
24-01-2017,09-02-2017,15-02-2017,1071,2,888,93,12,"2,224.40","26,692.80","1,401.37"
24-01-2017,10-02-2017,01-03-2017,525,1,39,63,9,"5,085.30","45,767.70","3,661.42"
24-01-2017,15-02-2017,25-02-2017,1044,2,623,148,9,"1,279.70","11,517.30",627.05
24-01-2017,14-02-2017,22-02-2017,3388,2,136,393,11,"2,432.10","26,753.10","1,605.19"
24-01-2017,25-01-2017,11-02-2017,76,1,88,363,8,"3,859.20","30,873.60","2,354.11"
24-01-2017,24-01-2017,09-02-2017,298,1,546,134,10,227.8,"2,278.00",102.51
24-01-2017,26-01-2017,03-02-2017,1326,1,23,289,9,"6,056.80","54,511.20","2,846.70"
24-01-2017,28-01-2017,23-01-2017,880,3,363,65,12,"2,318.20","27,818.40","1,877.74"
24-01-2017,04-02-2017,15-02-2017,295,1,435,261,9,221.1,"1,989.90",161.4
24-01-2017,03-02-2017,18-02-2017,3598,2,888,334,6,710.2,"4,261.20",390.61
24-01-2017,17-02-2017,24-02-2017,3159,1,311,403,9,"1,031.80","9,286.20",598.44
24-01-2017,28-01-2017,31-01-2017,3371,1,312,318,9,917.9,"8,261.10",468.13
24-01-2017,13-02-2017,09-02-2017,1300,2,394,166,9,"5,748.60","51,737.40","4,598.88"
25-01-2017,27-01-2017,12-02-2017,64,1,18,395,12,"1,112.20","13,346.40",611.71
25-01-2017,24-02-2017,22-02-2017,3322,1,917,206,9,"2,479.00","22,311.00","1,437.82"
25-01-2017,03-02-2017,02-02-2017,1314,1,363,37,8,180.9,"1,447.20",135.68
25-01-2017,10-02-2017,19-02-2017,1050,3,290,380,6,"1,132.30","6,793.80",928.49
25-01-2017,25-01-2017,27-01-2017,2134,1,589,389,8,"1,118.90","8,951.20",469.94
25-01-2017,15-02-2017,05-03-2017,1395,2,321,65,9,"1,125.60","10,130.40",866.71
25-01-2017,18-02-2017,07-03-2017,411,1,114,309,12,"1,058.60","12,703.20",423.44
25-01-2017,26-01-2017,24-01-2017,2748,3,320,353,5,"1,078.70","5,393.50",528.56
25-01-2017,24-02-2017,26-02-2017,940,3,557,308,10,174.2,"1,742.00",102.78
25-01-2017,17-02-2017,24-02-2017,676,1,382,75,7,"3,973.10","27,811.70","2,622.25"
25-01-2017,04-02-2017,08-02-2017,2446,1,301,82,5,"6,231.00","31,155.00","4,174.77"
25-01-2017,20-02-2017,09-03-2017,921,2,495,363,9,"1,038.50","9,346.50",571.18
25-01-2017,01-02-2017,14-02-2017,2310,1,271,351,9,"1,855.90","16,703.10","1,521.84"
25-01-2017,25-02-2017,14-03-2017,2728,1,546,167,10,"2,211.00","22,110.00","1,348.71"
25-01-2017,13-02-2017,23-02-2017,2592,3,774,368,10,951.4,"9,514.00",608.9
25-01-2017,07-02-2017,21-02-2017,650,2,611,71,5,"3,892.70","19,463.50","3,308.80"
25-01-2017,05-02-2017,25-02-2017,2820,1,503,73,12,"1,909.50","22,914.00",916.56
25-01-2017,01-02-2017,15-02-2017,1434,1,20,124,5,"1,031.80","5,159.00",484.95
25-01-2017,01-02-2017,27-01-2017,375,3,481,241,6,"1,842.50","11,055.00","1,050.23"
25-01-2017,16-02-2017,18-02-2017,2755,1,965,290,9,"1,118.90","10,070.10",704.91
25-01-2017,27-01-2017,29-01-2017,2940,1,940,400,11,"2,626.40","28,890.40","2,048.59"
25-01-2017,27-01-2017,30-01-2017,640,3,804,202,12,"2,613.00","31,356.00","1,802.97"
25-01-2017,09-02-2017,16-02-2017,3458,2,10,15,11,"3,939.60","43,335.60","1,733.42"
25-01-2017,13-02-2017,17-02-2017,1306,1,439,365,9,"5,735.20","51,616.80","3,383.77"
26-01-2017,26-02-2017,22-02-2017,935,1,258,267,6,"1,829.10","10,974.60",804.8
26-01-2017,26-02-2017,01-03-2017,1841,3,508,310,10,"1,011.70","10,117.00",819.48
26-01-2017,07-02-2017,24-02-2017,2596,1,717,200,8,"2,499.10","19,992.80","1,499.46"
26-01-2017,13-02-2017,14-02-2017,2936,1,810,9,9,"5,293.00","47,637.00","3,334.59"
26-01-2017,20-02-2017,03-03-2017,298,2,630,87,7,234.5,"1,641.50",93.8
26-01-2017,19-02-2017,20-02-2017,582,1,334,231,10,"1,092.10","10,921.00",502.37
26-01-2017,20-02-2017,07-03-2017,1923,1,416,168,12,207.7,"2,492.40",137.08
26-01-2017,01-02-2017,18-02-2017,2416,3,90,392,10,"1,252.90","12,529.00",789.33
26-01-2017,13-02-2017,01-03-2017,1394,1,768,401,7,"2,974.80","20,823.60","1,487.40"
26-01-2017,06-02-2017,25-02-2017,2560,1,971,123,8,"1,065.30","8,522.40",681.79
26-01-2017,18-02-2017,22-02-2017,3063,1,986,182,8,"1,306.50","10,452.00",940.68
26-01-2017,19-02-2017,14-02-2017,107,3,447,136,11,"2,003.30","22,036.30","1,121.85"
27-01-2017,30-01-2017,15-02-2017,1855,1,512,149,10,"5,406.90","54,069.00","4,055.18"
27-01-2017,09-02-2017,09-02-2017,977,3,270,111,11,"1,011.70","11,128.70",475.5
27-01-2017,18-02-2017,02-03-2017,559,1,431,23,7,"5,654.80","39,583.60","3,110.14"
27-01-2017,24-02-2017,28-02-2017,406,2,293,54,6,"1,956.40","11,738.40","1,447.74"
27-01-2017,26-02-2017,23-02-2017,349,1,411,72,9,"1,340.00","12,060.00",978.2
27-01-2017,17-02-2017,17-02-2017,1379,1,260,394,11,"6,143.90","67,582.90","4,362.17"
27-01-2017,06-02-2017,01-02-2017,2485,1,745,353,5,"5,179.10","25,895.50","2,434.18"
27-01-2017,23-02-2017,04-03-2017,3379,2,929,203,7,"1,085.40","7,597.80",445.01
27-01-2017,03-02-2017,23-02-2017,1763,1,942,382,10,"3,872.60","38,726.00","2,749.55"
27-01-2017,27-01-2017,22-01-2017,231,1,600,358,12,"5,071.90","60,862.80","2,535.95"
27-01-2017,08-02-2017,25-02-2017,1999,1,309,291,8,"2,572.80","20,582.40","1,183.49"
27-01-2017,03-02-2017,23-02-2017,2255,1,617,177,11,234.5,"2,579.50",117.25
27-01-2017,09-02-2017,17-02-2017,1351,2,386,29,5,"1,058.60","5,293.00",793.95
27-01-2017,22-02-2017,04-03-2017,1272,2,382,23,7,"3,865.90","27,061.30","1,701.00"
27-01-2017,23-02-2017,10-03-2017,888,1,772,293,5,"2,291.40","11,457.00","1,603.98"
27-01-2017,26-02-2017,09-03-2017,2165,1,155,358,8,"2,257.90","18,063.20","1,806.32"
27-01-2017,27-01-2017,31-01-2017,222,3,695,255,12,857.6,"10,291.20",488.83
27-01-2017,14-02-2017,26-02-2017,2529,1,255,213,12,670,"8,040.00",569.5
27-01-2017,14-02-2017,19-02-2017,2101,1,690,158,12,"3,939.60","47,275.20","2,481.95"
27-01-2017,31-01-2017,28-01-2017,1144,1,104,18,6,"2,345.00","14,070.00","1,758.75"
27-01-2017,30-01-2017,15-02-2017,1117,3,658,171,9,"1,802.30","16,220.70",720.92
27-01-2017,20-02-2017,28-02-2017,432,1,213,152,12,"2,472.30","29,667.60","1,236.15"
27-01-2017,27-02-2017,10-03-2017,795,1,343,30,10,"2,271.30","22,713.00","1,703.48"
28-01-2017,27-02-2017,14-03-2017,666,1,184,18,7,"2,532.60","17,728.20","1,595.54"
28-01-2017,27-02-2017,03-03-2017,1358,2,375,102,10,221.1,"2,211.00",137.08
28-01-2017,18-02-2017,03-03-2017,627,1,173,367,8,"1,762.10","14,096.80",775.32
28-01-2017,26-02-2017,16-03-2017,3602,2,994,11,10,"5,051.80","50,518.00","2,020.72"
28-01-2017,17-02-2017,08-03-2017,2783,2,768,289,7,"6,076.90","42,538.30","2,734.61"
28-01-2017,08-02-2017,09-02-2017,363,3,100,370,5,"3,973.10","19,865.50","2,066.01"
28-01-2017,15-02-2017,11-02-2017,1449,1,400,239,9,"1,005.00","9,045.00",452.25
28-01-2017,18-02-2017,21-02-2017,127,1,83,355,10,857.6,"8,576.00",651.78
28-01-2017,15-02-2017,18-02-2017,2034,3,959,136,6,"3,564.40","21,386.40","2,708.94"
28-01-2017,19-02-2017,25-02-2017,1339,2,206,152,5,"1,065.30","5,326.50",820.28
28-01-2017,24-02-2017,15-03-2017,3567,3,469,182,12,261.3,"3,135.60",162.01
28-01-2017,15-02-2017,23-02-2017,2061,3,9,276,10,"1,125.60","11,256.00",709.13
28-01-2017,08-02-2017,13-02-2017,2172,1,878,148,10,"3,946.30","39,463.00","2,249.39"
28-01-2017,11-02-2017,16-02-2017,1959,3,1,9,11,268,"2,948.00",163.48
28-01-2017,29-01-2017,14-02-2017,554,3,356,186,7,187.6,"1,313.20",123.82
28-01-2017,19-02-2017,28-02-2017,1660,1,331,212,11,"3,919.50","43,114.50","2,508.48"
28-01-2017,29-01-2017,30-01-2017,621,1,608,283,6,207.7,"1,246.20",99.7
28-01-2017,28-02-2017,06-03-2017,2862,2,61,351,6,"1,018.40","6,110.40",519.38
28-01-2017,01-02-2017,11-02-2017,1676,1,894,105,12,"1,031.80","12,381.60",495.26
28-01-2017,27-02-2017,26-02-2017,2554,1,793,405,10,"1,105.50","11,055.00",795.96
28-01-2017,04-02-2017,24-02-2017,2480,1,717,179,8,844.2,"6,753.60",641.59
28-01-2017,02-02-2017,18-02-2017,1111,3,50,351,9,"1,098.80","9,889.20",461.5
28-01-2017,25-02-2017,06-03-2017,55,1,632,225,8,"1,165.80","9,326.40",967.61
28-01-2017,07-02-2017,18-02-2017,35,1,762,234,12,"1,038.50","12,462.00",508.87
28-01-2017,24-02-2017,26-02-2017,501,1,109,319,9,"1,078.70","9,708.30",765.88
29-01-2017,10-02-2017,08-02-2017,2295,1,634,297,10,"1,092.10","10,921.00",502.37
29-01-2017,09-02-2017,21-02-2017,1691,2,467,375,8,"1,118.90","8,951.20",850.36
29-01-2017,19-02-2017,18-02-2017,406,1,112,252,12,"3,999.90","47,998.80","2,239.94"
29-01-2017,14-02-2017,12-02-2017,1329,1,367,109,10,201,"2,010.00",98.49
29-01-2017,28-02-2017,17-03-2017,697,2,193,14,9,984.9,"8,864.10",728.83
29-01-2017,28-02-2017,20-03-2017,634,1,175,317,6,"1,735.30","10,411.80",780.89
29-01-2017,09-02-2017,25-02-2017,1893,1,523,182,5,"1,165.80","5,829.00",571.24
29-01-2017,11-02-2017,20-02-2017,898,2,152,307,10,"3,618.00","36,180.00","2,930.58"
29-01-2017,22-02-2017,23-02-2017,3152,1,942,105,7,"1,829.10","12,803.70","1,463.28"
29-01-2017,03-02-2017,04-02-2017,3326,1,865,203,5,207.7,"1,038.50",153.7
29-01-2017,05-02-2017,19-02-2017,206,1,927,171,5,"3,437.10","17,185.50","1,615.44"
29-01-2017,31-01-2017,08-02-2017,86,1,258,11,8,"1,829.10","14,632.80",951.13
29-01-2017,29-01-2017,31-01-2017,1191,2,973,187,9,201,"1,809.00",92.46
29-01-2017,17-02-2017,03-03-2017,214,1,540,389,6,"3,839.10","23,034.60","2,495.42"
29-01-2017,15-02-2017,11-02-2017,3281,1,900,18,12,958.1,"11,497.20",411.98
29-01-2017,27-02-2017,11-03-2017,1866,2,79,318,7,"6,123.80","42,866.60","4,041.71"
29-01-2017,01-03-2017,08-03-2017,2314,1,864,411,9,"2,318.20","20,863.80","1,089.55"
29-01-2017,28-02-2017,28-02-2017,3416,1,666,279,5,241.2,"1,206.00",159.19
29-01-2017,03-02-2017,17-02-2017,2095,1,911,126,8,917.9,"7,343.20",596.64
29-01-2017,27-02-2017,26-02-2017,2594,1,931,400,9,214.4,"1,929.60",105.06
29-01-2017,08-02-2017,10-02-2017,1481,2,142,345,9,"1,065.30","9,587.70",607.22
29-01-2017,15-02-2017,13-02-2017,76,1,803,68,6,"5,098.70","30,592.20","3,059.22"
29-01-2017,26-02-2017,12-03-2017,928,1,241,188,11,"1,132.30","12,455.30",713.35
29-01-2017,01-03-2017,19-03-2017,2969,2,906,148,12,"1,125.60","13,507.20",956.76
30-01-2017,10-02-2017,10-02-2017,2629,2,726,103,7,241.2,"1,688.40",178.49
30-01-2017,31-01-2017,06-02-2017,979,1,270,118,11,"1,943.00","21,373.00","1,262.95"
30-01-2017,18-02-2017,16-02-2017,3074,2,849,253,11,"5,983.10","65,814.10","3,111.21"
30-01-2017,26-02-2017,02-03-2017,951,2,263,245,8,"2,398.60","19,188.80","1,535.10"
30-01-2017,21-02-2017,05-03-2017,1398,1,386,195,9,"2,257.90","20,321.10","1,603.11"
30-01-2017,22-02-2017,26-02-2017,1304,1,360,149,7,971.5,"6,800.50",505.18
30-01-2017,31-01-2017,01-02-2017,239,2,66,155,7,"1,132.30","7,926.10",871.87
30-01-2017,02-03-2017,14-03-2017,3066,2,846,291,5,167.5,837.5,117.25
30-01-2017,24-02-2017,24-02-2017,2182,3,602,261,12,"1,018.40","12,220.80",672.14
30-01-2017,04-02-2017,24-02-2017,1888,3,521,74,12,"1,045.20","12,542.40",438.98
30-01-2017,05-02-2017,20-02-2017,2709,1,748,56,8,"6,170.70","49,365.60","4,010.96"
30-01-2017,14-02-2017,25-02-2017,3368,1,201,65,5,"2,733.60","13,668.00","1,448.81"
30-01-2017,14-02-2017,02-03-2017,2929,1,334,300,7,"2,559.40","17,915.80","2,047.52"
30-01-2017,04-02-2017,19-02-2017,3129,1,368,371,5,844.2,"4,221.00",540.29
30-01-2017,02-03-2017,07-03-2017,9,1,269,205,6,"1,092.10","6,552.60",655.26
30-01-2017,23-02-2017,03-03-2017,3222,1,670,334,12,"3,939.60","47,275.20","2,481.95"
30-01-2017,25-02-2017,11-03-2017,1781,3,189,181,12,991.6,"11,899.20",654.46
30-01-2017,10-02-2017,07-02-2017,2710,2,956,295,10,"1,266.30","12,663.00",987.71
30-01-2017,23-02-2017,05-03-2017,2709,2,457,120,9,"5,226.00","47,034.00","4,442.10"
30-01-2017,10-02-2017,01-03-2017,2254,1,918,84,5,207.7,"1,038.50",145.39
30-01-2017,01-03-2017,28-02-2017,2848,2,298,118,12,"2,385.20","28,622.40","1,073.34"
30-01-2017,17-02-2017,09-03-2017,1918,1,784,246,7,"2,492.40","17,446.80","1,520.36"
30-01-2017,09-02-2017,04-02-2017,57,1,217,153,10,"1,092.10","10,921.00",491.45
30-01-2017,05-02-2017,07-02-2017,1470,2,774,365,5,"1,018.40","5,092.00",631.41
30-01-2017,02-02-2017,02-02-2017,3384,1,495,22,12,"1,051.90","12,622.80",546.99
30-01-2017,28-02-2017,20-03-2017,602,1,380,40,6,924.6,"5,547.60",527.02
30-01-2017,21-02-2017,13-03-2017,85,3,768,237,11,944.7,"10,391.70",472.35
30-01-2017,02-02-2017,13-02-2017,1991,1,782,125,9,"6,478.90","58,310.10","5,183.12"
30-01-2017,27-02-2017,14-03-2017,878,1,837,288,5,"5,132.20","25,661.00","2,925.35"
30-01-2017,18-02-2017,09-03-2017,3130,2,284,144,11,"3,926.20","43,188.20","1,688.27"
30-01-2017,18-02-2017,25-02-2017,1180,1,98,370,12,221.1,"2,653.20",159.19
30-01-2017,02-03-2017,07-03-2017,2300,1,470,149,10,"1,105.50","11,055.00",497.48
30-01-2017,27-02-2017,23-02-2017,139,1,109,47,9,"1,118.90","10,070.10",648.96
30-01-2017,25-02-2017,26-02-2017,2144,1,370,120,10,"2,318.20","23,182.00","1,530.01"
30-01-2017,15-02-2017,14-02-2017,1543,3,752,164,7,"2,552.70","17,868.90","1,480.57"
30-01-2017,15-02-2017,05-03-2017,3412,2,783,380,10,"6,123.80","61,238.00","3,919.23"
31-01-2017,22-02-2017,03-03-2017,3336,3,921,8,7,"3,095.40","21,667.80","2,166.78"
31-01-2017,13-02-2017,10-02-2017,2562,3,707,387,9,"2,619.70","23,577.30","1,493.23"
31-01-2017,28-02-2017,18-03-2017,207,3,57,120,10,"1,125.60","11,256.00",574.06
31-01-2017,02-03-2017,15-03-2017,609,1,168,38,8,"3,912.80","31,302.40","1,565.12"
31-01-2017,25-02-2017,12-03-2017,2471,1,682,190,6,991.6,"5,949.60",793.28
31-01-2017,14-02-2017,28-02-2017,117,3,926,396,9,"6,391.80","57,526.20","3,323.74"
31-01-2017,28-02-2017,01-03-2017,711,1,286,339,8,"3,819.00","30,552.00","2,635.11"
31-01-2017,21-02-2017,26-02-2017,1521,2,571,130,5,"1,279.70","6,398.50",857.4
31-01-2017,26-02-2017,06-03-2017,2514,1,229,190,6,"3,892.70","23,356.20","2,880.60"
31-01-2017,14-02-2017,03-03-2017,280,1,541,389,6,"2,345.00","14,070.00","1,195.95"
31-01-2017,24-02-2017,04-03-2017,2687,1,798,405,9,"3,015.00","27,135.00","2,381.85"
31-01-2017,23-02-2017,25-02-2017,2405,1,956,288,6,"5,708.40","34,250.40","2,682.95"
31-01-2017,15-02-2017,01-03-2017,553,1,838,297,11,247.9,"2,726.90",195.84
31-01-2017,02-03-2017,16-03-2017,792,2,559,327,11,"2,787.20","30,659.20","1,839.55"
31-01-2017,16-02-2017,24-02-2017,2517,3,101,278,8,"1,112.20","8,897.60",633.95
31-01-2017,10-02-2017,25-02-2017,3082,1,73,409,7,"2,646.50","18,525.50","1,482.04"
31-01-2017,19-02-2017,26-02-2017,1869,1,355,228,9,"3,758.70","33,828.30","2,706.26"
31-01-2017,28-02-2017,14-03-2017,3245,1,437,270,12,167.5,"2,010.00",98.83
31-01-2017,05-02-2017,22-02-2017,1513,1,242,234,5,"2,559.40","12,797.00","1,484.45"
31-01-2017,03-02-2017,10-02-2017,1577,3,92,267,12,"1,078.70","12,944.40",776.66
31-01-2017,05-02-2017,31-01-2017,1237,1,652,103,11,"5,185.80","57,043.80","2,644.76"
31-01-2017,07-02-2017,23-02-2017,2854,3,95,367,5,207.7,"1,038.50",97.62
